{"cameraMode":{"drawMode":0,"name":"Shaded","section":"Shading Mode"},"sceneLighting":false,"audioPlay":false,"sceneViewState":{"m_AlwaysRefresh":false,"showFog":true,"showSkybox":false,"showFlares":true,"showImageEffects":true,"showParticleSystems":true,"showVisualEffectGraphs":true,"m_FxEnabled":true},"in2DMode":false,"pivot":{"x":-4.76837158203125e-7,"y":0.9255068898200989,"z":-0.0302077978849411},"rotation":{"x":-0.12150640785694123,"y":-0.006851357873529196,"z":0.0008384674438275397,"w":-0.9925693869590759},"size":1.2844781875610352,"orthographic":false}