{"cameraMode":{"drawMode":0,"name":"Shaded","section":"Shading Mode"},"sceneLighting":true,"audioPlay":false,"sceneViewState":{"m_AlwaysRefresh":false,"showFog":true,"showSkybox":true,"showFlares":true,"showImageEffects":true,"showParticleSystems":true,"showVisualEffectGraphs":true,"m_FxEnabled":true},"in2DMode":false,"pivot":{"x":0.7764775156974793,"y":2.0902888774871828,"z":10.15615177154541},"rotation":{"x":0.0014991870848461986,"y":-0.01649702526628971,"z":0.00003831892172456719,"w":0.999760091304779},"size":6.941732883453369,"orthographic":false}