{"cameraMode":{"drawMode":0,"name":"Shaded","section":"Shading Mode"},"sceneLighting":false,"audioPlay":false,"sceneViewState":{"m_AlwaysRefresh":false,"showFog":true,"showSkybox":false,"showFlares":true,"showImageEffects":true,"showParticleSystems":true,"showVisualEffectGraphs":true,"m_FxEnabled":true},"in2DMode":false,"pivot":{"x":0.33553576469421389,"y":1.3078539371490479,"z":0.05243033170700073},"rotation":{"x":0.01210959441959858,"y":0.9801505208015442,"z":-0.1874862015247345,"w":0.06330731511116028},"size":0.4152873754501343,"orthographic":false}